luat,support,confidence,lift,leverage,conviction
SMALL MARSHMALLOWS PINK BOWL → SMALL DOLLY MIX DESIGN ORANGE BOWL,0.0204,0.7791,25.0616,0.0196,4.386
SMALL DOLLY MIX DESIGN ORANGE BOWL → SMALL MARSHMALLOWS PINK BOWL,0.0204,0.6569,25.0616,0.0196,2.838
WOODEN STAR CHRISTMAS SCANDINAVIAN → WOODEN HEART CHRISTMAS SCANDINAVIAN,0.0224,0.7699,24.8145,0.0215,4.211
WOODEN HEART CHRISTMAS SCANDINAVIAN → WOODEN STAR CHRISTMAS SCANDINAVIAN,0.0224,0.723,24.8145,0.0215,3.505
GREEN REGENCY TEACUP AND SAUCER + ROSES REGENCY TEACUP AND SAUCER → PINK REGENCY TEACUP AND SAUCER,0.03,0.7029,16.5202,0.0282,3.222
PINK REGENCY TEACUP AND SAUCER → GREEN REGENCY TEACUP AND SAUCER + ROSES REGENCY TEACUP AND SAUCER,0.03,0.7049,16.5202,0.0282,3.244
HAND WARMER SCOTTY DOG DESIGN → HAND WARMER OWL DESIGN,0.0202,0.6187,16.1628,0.0189,2.522
HAND WARMER OWL DESIGN → HAND WARMER SCOTTY DOG DESIGN,0.0202,0.5271,16.1628,0.0189,2.046
PINK REGENCY TEACUP AND SAUCER + ROSES REGENCY TEACUP AND SAUCER → GREEN REGENCY TEACUP AND SAUCER,0.03,0.9028,15.8912,0.0281,9.699
GREEN REGENCY TEACUP AND SAUCER → PINK REGENCY TEACUP AND SAUCER + ROSES REGENCY TEACUP AND SAUCER,0.03,0.5279,15.8912,0.0281,2.048
ROSES REGENCY TEACUP AND SAUCER → GREEN REGENCY TEACUP AND SAUCER + PINK REGENCY TEACUP AND SAUCER,0.03,0.5163,14.7046,0.0279,1.995
GREEN REGENCY TEACUP AND SAUCER + PINK REGENCY TEACUP AND SAUCER → ROSES REGENCY TEACUP AND SAUCER,0.03,0.8542,14.7046,0.0279,6.459
PINK REGENCY TEACUP AND SAUCER → GREEN REGENCY TEACUP AND SAUCER,0.0351,0.8252,14.5263,0.0327,5.396
GREEN REGENCY TEACUP AND SAUCER → PINK REGENCY TEACUP AND SAUCER,0.0351,0.618,14.5263,0.0327,2.507
DOLLY GIRL LUNCH BOX → SPACEBOY LUNCH BOX,0.026,0.6094,14.2632,0.0241,2.451
SPACEBOY LUNCH BOX → DOLLY GIRL LUNCH BOX,0.026,0.6077,14.2632,0.0241,2.44
REGENCY CAKESTAND 3 TIER + ROSES REGENCY TEACUP AND SAUCER → GREEN REGENCY TEACUP AND SAUCER,0.0219,0.7907,13.9196,0.0203,4.507
GREEN REGENCY TEACUP AND SAUCER → REGENCY CAKESTAND 3 TIER + ROSES REGENCY TEACUP AND SAUCER,0.0219,0.3852,13.9196,0.0203,1.582
GREEN REGENCY TEACUP AND SAUCER + REGENCY CAKESTAND 3 TIER → ROSES REGENCY TEACUP AND SAUCER,0.0219,0.7907,13.6128,0.0203,4.501
ROSES REGENCY TEACUP AND SAUCER → GREEN REGENCY TEACUP AND SAUCER + REGENCY CAKESTAND 3 TIER,0.0219,0.3767,13.6128,0.0203,1.56
PINK REGENCY TEACUP AND SAUCER → ROSES REGENCY TEACUP AND SAUCER,0.0332,0.7808,13.4416,0.0307,4.297
ROSES REGENCY TEACUP AND SAUCER → PINK REGENCY TEACUP AND SAUCER,0.0332,0.5719,13.4416,0.0307,2.236
WOODLAND CHARLOTTE BAG → STRAWBERRY CHARLOTTE BAG,0.0228,0.55,13.4076,0.0211,2.131
STRAWBERRY CHARLOTTE BAG → WOODLAND CHARLOTTE BAG,0.0228,0.5557,13.4076,0.0211,2.158
GARDENERS KNEELING PAD CUP OF TEA → GARDENERS KNEELING PAD KEEP CALM,0.033,0.7223,13.2107,0.0305,3.404
GARDENERS KNEELING PAD KEEP CALM → GARDENERS KNEELING PAD CUP OF TEA,0.033,0.6031,13.2107,0.0305,2.405
CHARLOTTE BAG PINK POLKADOT → STRAWBERRY CHARLOTTE BAG,0.0221,0.5379,13.1124,0.0204,2.075
STRAWBERRY CHARLOTTE BAG → CHARLOTTE BAG PINK POLKADOT,0.0221,0.5379,13.1124,0.0204,2.075
CHARLOTTE BAG PINK POLKADOT → RED RETROSPOT CHARLOTTE BAG,0.0292,0.7117,12.9311,0.0269,3.278
RED RETROSPOT CHARLOTTE BAG → CHARLOTTE BAG PINK POLKADOT,0.0292,0.5305,12.9311,0.0269,2.042
GREEN REGENCY TEACUP AND SAUCER → ROSES REGENCY TEACUP AND SAUCER,0.0427,0.7511,12.9298,0.0394,3.784
ROSES REGENCY TEACUP AND SAUCER → GREEN REGENCY TEACUP AND SAUCER,0.0427,0.7345,12.9298,0.0394,3.553
WOODLAND CHARLOTTE BAG → CHARLOTTE BAG PINK POLKADOT,0.0218,0.525,12.7981,0.0201,2.019
CHARLOTTE BAG PINK POLKADOT → WOODLAND CHARLOTTE BAG,0.0218,0.5305,12.7981,0.0201,2.041
JUMBO BAG PEARS → JUMBO BAG APPLES,0.0227,0.6801,12.6071,0.0209,2.957
JUMBO BAG APPLES → JUMBO BAG PEARS,0.0227,0.4203,12.6071,0.0209,1.668
CHARLOTTE BAG SUKI DESIGN → WOODLAND CHARLOTTE BAG,0.0252,0.5156,12.4397,0.0232,1.979
WOODLAND CHARLOTTE BAG → CHARLOTTE BAG SUKI DESIGN,0.0252,0.6074,12.4397,0.0232,2.422
STRAWBERRY CHARLOTTE BAG → RED RETROSPOT CHARLOTTE BAG,0.0279,0.6805,12.3642,0.0257,2.958
RED RETROSPOT CHARLOTTE BAG → STRAWBERRY CHARLOTTE BAG,0.0279,0.5072,12.3642,0.0257,1.946
CHOCOLATE HOT WATER BOTTLE → HOT WATER BOTTLE I AM SO POORLY,0.0231,0.4656,12.0294,0.0212,1.799
HOT WATER BOTTLE I AM SO POORLY → CHOCOLATE HOT WATER BOTTLE,0.0231,0.5969,12.0294,0.0212,2.357
STRAWBERRY CHARLOTTE BAG → CHARLOTTE BAG SUKI DESIGN,0.024,0.584,11.9605,0.022,2.286
CHARLOTTE BAG SUKI DESIGN → STRAWBERRY CHARLOTTE BAG,0.024,0.4906,11.9605,0.022,1.883
CHARLOTTE BAG PINK POLKADOT → CHARLOTTE BAG SUKI DESIGN,0.0234,0.5706,11.6866,0.0214,2.215
CHARLOTTE BAG SUKI DESIGN → CHARLOTTE BAG PINK POLKADOT,0.0234,0.4794,11.6866,0.0214,1.842
ALARM CLOCK BAKELIKE IVORY → ALARM CLOCK BAKELIKE RED,0.0208,0.6552,11.5702,0.019,2.736
ALARM CLOCK BAKELIKE RED → ALARM CLOCK BAKELIKE IVORY,0.0208,0.3681,11.5702,0.019,1.532
WOODLAND CHARLOTTE BAG → RED RETROSPOT CHARLOTTE BAG,0.0262,0.6324,11.4888,0.0239,2.57
RED RETROSPOT CHARLOTTE BAG → WOODLAND CHARLOTTE BAG,0.0262,0.4762,11.4888,0.0239,1.83
ALARM CLOCK BAKELIKE GREEN → ALARM CLOCK BAKELIKE RED,0.0343,0.6464,11.415,0.0313,2.668
ALARM CLOCK BAKELIKE RED → ALARM CLOCK BAKELIKE GREEN,0.0343,0.606,11.415,0.0313,2.403
VINTAGE HEADS AND TAILS CARD GAME → VINTAGE SNAP CARDS,0.0203,0.6044,11.3575,0.0185,2.393
VINTAGE SNAP CARDS → VINTAGE HEADS AND TAILS CARD GAME,0.0203,0.3814,11.3575,0.0185,1.562
CHARLOTTE BAG SUKI DESIGN → RED RETROSPOT CHARLOTTE BAG,0.029,0.593,10.774,0.0263,2.322
RED RETROSPOT CHARLOTTE BAG → CHARLOTTE BAG SUKI DESIGN,0.029,0.526,10.774,0.0263,2.007
ALARM CLOCK BAKELIKE PINK → ALARM CLOCK BAKELIKE RED,0.024,0.5991,10.5798,0.0217,2.353
ALARM CLOCK BAKELIKE RED → ALARM CLOCK BAKELIKE PINK,0.024,0.423,10.5798,0.0217,1.664
ALARM CLOCK BAKELIKE GREEN → ALARM CLOCK BAKELIKE PINK,0.0213,0.4018,10.0496,0.0192,1.605
ALARM CLOCK BAKELIKE PINK → ALARM CLOCK BAKELIKE GREEN,0.0213,0.5335,10.0496,0.0192,2.03
PAPER CHAIN KIT VINTAGE CHRISTMAS → PAPER CHAIN KIT 50'S CHRISTMAS,0.0328,0.6759,9.9181,0.0295,2.875
PAPER CHAIN KIT 50'S CHRISTMAS → PAPER CHAIN KIT VINTAGE CHRISTMAS,0.0328,0.4812,9.9181,0.0295,1.834
LUNCH BAG VINTAGE LEAF DESIGN → LUNCH BAG APPLE DESIGN,0.0205,0.5411,9.7119,0.0184,2.058
LUNCH BAG APPLE DESIGN → LUNCH BAG VINTAGE LEAF DESIGN,0.0205,0.3676,9.7119,0.0184,1.521
LUNCH BAG BLACK SKULL. + LUNCH BAG RED RETROSPOT → LUNCH BAG PINK POLKADOT,0.0211,0.57,9.3052,0.0188,2.183
LUNCH BAG DOLLY GIRL DESIGN → LUNCH BAG SPACEBOY DESIGN,0.021,0.574,9.073,0.0187,2.199
LUNCH BAG ALPHABET DESIGN → LUNCH BAG APPLE DESIGN,0.0207,0.4934,8.8573,0.0183,1.864
LUNCH BAG APPLE DESIGN → LUNCH BAG ALPHABET DESIGN,0.0207,0.3709,8.8573,0.0183,1.523
WOODEN PICTURE FRAME WHITE FINISH → WOODEN FRAME ANTIQUE WHITE,0.0322,0.4916,8.5803,0.0284,1.854
WOODEN FRAME ANTIQUE WHITE → WOODEN PICTURE FRAME WHITE FINISH,0.0322,0.5617,8.5803,0.0284,2.132
JUMBO BAG RED RETROSPOT + JUMBO SHOPPER VINTAGE RED PAISLEY → JUMBO STORAGE BAG SUKI,0.0234,0.5845,8.4857,0.0206,2.241
LUNCH BAG PINK POLKADOT + LUNCH BAG RED RETROSPOT → LUNCH BAG BLACK SKULL.,0.0211,0.6245,8.4402,0.0186,2.466
JUMBO STORAGE BAG SUKI → JUMBO BAG WOODLAND ANIMALS,0.0259,0.3761,8.3951,0.0228,1.531
JUMBO BAG WOODLAND ANIMALS → JUMBO STORAGE BAG SUKI,0.0259,0.5782,8.3951,0.0228,2.208
JUMBO BAG RED RETROSPOT + JUMBO STORAGE BAG SUKI → JUMBO BAG PINK POLKADOT,0.0247,0.5802,8.2275,0.0217,2.214
JUMBO BAG PINK POLKADOT → JUMBO BAG RED RETROSPOT + JUMBO STORAGE BAG SUKI,0.0247,0.35,8.2275,0.0217,1.473
PACK OF 72 SKULL CAKE CASES → PACK OF 72 RETROSPOT CAKE CASES,0.0203,0.5541,8.0515,0.0178,2.088
JUMBO BAG APPLES → JUMBO BAG ALPHABET,0.0224,0.4147,8.0418,0.0196,1.62
JUMBO BAG ALPHABET → JUMBO BAG APPLES,0.0224,0.4338,8.0418,0.0196,1.671
JUMBO BAG RED RETROSPOT + JUMBO STORAGE BAG SUKI → JUMBO SHOPPER VINTAGE RED PAISLEY,0.0234,0.5501,7.9732,0.0205,2.07
JUMBO BAG RED RETROSPOT + JUMBO SHOPPER VINTAGE RED PAISLEY → JUMBO BAG PINK POLKADOT,0.0223,0.5571,7.8992,0.0195,2.099
60 TEATIME FAIRY CAKE CASES → PACK OF 72 RETROSPOT CAKE CASES,0.0249,0.5432,7.8929,0.0218,2.038
PACK OF 72 RETROSPOT CAKE CASES → 60 TEATIME FAIRY CAKE CASES,0.0249,0.3623,7.8929,0.0218,1.496
LUNCH BAG BLACK SKULL. + LUNCH BAG PINK POLKADOT → LUNCH BAG RED RETROSPOT,0.0211,0.6628,7.8121,0.0184,2.714
JUMBO STORAGE BAG SKULLS → JUMBO STORAGE BAG SUKI,0.0222,0.536,7.7816,0.0194,2.007
LUNCH BAG BLACK SKULL. + LUNCH BAG RED RETROSPOT → LUNCH BAG SUKI DESIGN,0.021,0.5684,7.777,0.0183,2.147
LUNCH BAG RED RETROSPOT + LUNCH BAG SUKI DESIGN → LUNCH BAG BLACK SKULL.,0.021,0.5731,7.7447,0.0183,2.169
JUMBO BAG SPACEBOY DESIGN → JUMBO STORAGE BAG SUKI,0.0202,0.533,7.7386,0.0176,1.994
JUMBO BAG SCANDINAVIAN BLUE PAISLEY → JUMBO SHOPPER VINTAGE RED PAISLEY,0.0206,0.5331,7.7265,0.0179,1.994
JUMBO BAG VINTAGE LEAF → JUMBO BAG APPLES,0.0207,0.4154,7.7014,0.018,1.618
JUMBO BAG APPLES → JUMBO BAG VINTAGE LEAF,0.0207,0.3831,7.7014,0.018,1.54
JUMBO BAG WOODLAND ANIMALS → JUMBO BAG PINK POLKADOT,0.0242,0.5401,7.659,0.021,2.021
LUNCH BAG SPACEBOY DESIGN → LUNCH BAG WOODLAND,0.0255,0.4037,7.6384,0.0222,1.588
LUNCH BAG WOODLAND → LUNCH BAG SPACEBOY DESIGN,0.0255,0.4833,7.6384,0.0222,1.813
JUMBO BAG PINK POLKADOT + JUMBO BAG RED RETROSPOT → JUMBO STORAGE BAG SUKI,0.0247,0.5159,7.4905,0.0214,1.924
JUMBO STORAGE BAG SUKI → JUMBO BAG PINK POLKADOT + JUMBO BAG RED RETROSPOT,0.0247,0.3584,7.4905,0.0214,1.484
HEART OF WICKER SMALL → HEART OF WICKER LARGE,0.0294,0.4164,7.4903,0.0255,1.618
HEART OF WICKER LARGE → HEART OF WICKER SMALL,0.0294,0.5296,7.4903,0.0255,1.976
JUMBO BAG WOODLAND ANIMALS → JUMBO SHOPPER VINTAGE RED PAISLEY,0.0228,0.5088,7.3746,0.0197,1.896
LUNCH BAG PINK POLKADOT → LUNCH BAG CARS BLUE,0.0286,0.4677,7.211,0.0247,1.757
LUNCH BAG CARS BLUE → LUNCH BAG PINK POLKADOT,0.0286,0.4417,7.211,0.0247,1.682
LUNCH BAG WOODLAND → LUNCH BAG CARS BLUE,0.0247,0.4671,7.2027,0.0213,1.755
LUNCH BAG CARS BLUE → LUNCH BAG WOODLAND,0.0247,0.3806,7.2027,0.0213,1.529
LUNCH BAG BLACK SKULL. + LUNCH BAG SUKI DESIGN → LUNCH BAG RED RETROSPOT,0.021,0.6106,7.1967,0.0181,2.35
JUMBO BAG PINK VINTAGE PAISLEY → JUMBO SHOPPER VINTAGE RED PAISLEY,0.0244,0.492,7.1309,0.021,1.833
JUMBO SHOPPER VINTAGE RED PAISLEY → JUMBO BAG PINK VINTAGE PAISLEY,0.0244,0.3542,7.1309,0.021,1.472
PACK OF 60 PINK PAISLEY CAKE CASES → PACK OF 72 RETROSPOT CAKE CASES,0.0231,0.4853,7.0518,0.0198,1.809
LUNCH BAG PINK POLKADOT → LUNCH BAG BLACK SKULL.,0.0318,0.5194,7.0192,0.0273,1.927
LUNCH BAG BLACK SKULL. → LUNCH BAG PINK POLKADOT,0.0318,0.43,7.0192,0.0273,1.647
JAM MAKING SET PRINTED → JAM MAKING SET WITH JARS,0.0256,0.4196,6.8974,0.0219,1.618
JAM MAKING SET WITH JARS → JAM MAKING SET PRINTED,0.0256,0.4208,6.8974,0.0219,1.621
JUMBO BAG PINK POLKADOT + JUMBO SHOPPER VINTAGE RED PAISLEY → JUMBO BAG RED RETROSPOT,0.0223,0.8062,6.8885,0.0191,4.555
LUNCH BAG PINK POLKADOT → LUNCH BAG WOODLAND,0.0222,0.3622,6.8536,0.0189,1.485
LUNCH BAG WOODLAND → LUNCH BAG PINK POLKADOT,0.0222,0.4198,6.8536,0.0189,1.618
JUMBO BAG PINK POLKADOT + JUMBO STORAGE BAG SUKI → JUMBO BAG RED RETROSPOT,0.0247,0.802,6.8528,0.0211,4.459
JUMBO BAG PINK POLKADOT + JUMBO BAG RED RETROSPOT → JUMBO SHOPPER VINTAGE RED PAISLEY,0.0223,0.4662,6.7572,0.019,1.744
LUNCH BAG SPACEBOY DESIGN → LUNCH BAG CARS BLUE,0.0277,0.4374,6.744,0.0236,1.662
LUNCH BAG CARS BLUE → LUNCH BAG SPACEBOY DESIGN,0.0277,0.4267,6.744,0.0236,1.634
JUMBO BAG BAROQUE BLACK WHITE → JUMBO STORAGE BAG SUKI,0.0255,0.4635,6.7293,0.0217,1.736
JUMBO STORAGE BAG SUKI → JUMBO BAG BAROQUE BLACK WHITE,0.0255,0.3708,6.7293,0.0217,1.502
SET OF 6 SPICE TINS PANTRY DESIGN → SET OF 3 CAKE TINS PANTRY DESIGN,0.0233,0.502,6.679,0.0198,1.857
JUMBO BAG BAROQUE BLACK WHITE → JUMBO SHOPPER VINTAGE RED PAISLEY,0.0252,0.458,6.6373,0.0214,1.718
JUMBO SHOPPER VINTAGE RED PAISLEY → JUMBO BAG BAROQUE BLACK WHITE,0.0252,0.3657,6.6373,0.0214,1.49
JUMBO SHOPPER VINTAGE RED PAISLEY → JUMBO STORAGE BAG SUKI,0.0313,0.4532,6.5795,0.0265,1.703
JUMBO STORAGE BAG SUKI → JUMBO SHOPPER VINTAGE RED PAISLEY,0.0313,0.454,6.5795,0.0265,1.705
LUNCH BAG WOODLAND → LUNCH BAG BLACK SKULL.,0.0257,0.4856,6.5622,0.0218,1.8
LUNCH BAG SPACEBOY DESIGN → LUNCH BAG SUKI DESIGN,0.03,0.475,6.4988,0.0254,1.765
LUNCH BAG SUKI DESIGN → LUNCH BAG SPACEBOY DESIGN,0.03,0.4112,6.4988,0.0254,1.591
LUNCH BAG PINK POLKADOT → LUNCH BAG RED RETROSPOT,0.0338,0.5512,6.4969,0.0286,2.039
LUNCH BAG RED RETROSPOT → LUNCH BAG PINK POLKADOT,0.0338,0.398,6.4969,0.0286,1.559
LUNCH BAG CARS BLUE → LUNCH BAG SUKI DESIGN,0.0306,0.4718,6.4557,0.0259,1.755
LUNCH BAG SUKI DESIGN → LUNCH BAG CARS BLUE,0.0306,0.4187,6.4557,0.0259,1.609
LUNCH BAG WOODLAND → LUNCH BAG SUKI DESIGN,0.0249,0.4706,6.4391,0.021,1.751
JUMBO SHOPPER VINTAGE RED PAISLEY + JUMBO STORAGE BAG SUKI → JUMBO BAG RED RETROSPOT,0.0234,0.7485,6.3961,0.0197,3.511
LUNCH BAG BLACK SKULL. → LUNCH BAG CARS BLUE,0.0307,0.4143,6.3887,0.0259,1.597
LUNCH BAG CARS BLUE → LUNCH BAG BLACK SKULL.,0.0307,0.4727,6.3887,0.0259,1.756
JUMBO BAG BAROQUE BLACK WHITE → JUMBO BAG PINK POLKADOT,0.0248,0.4502,6.384,0.0209,1.691
JUMBO BAG PINK POLKADOT → JUMBO BAG BAROQUE BLACK WHITE,0.0248,0.3518,6.384,0.0209,1.458
LUNCH BAG SUKI DESIGN → LUNCH BAG BLACK SKULL.,0.0344,0.4712,6.3682,0.029,1.751
LUNCH BAG BLACK SKULL. → LUNCH BAG SUKI DESIGN,0.0344,0.4654,6.3682,0.029,1.734
JUMBO BAG PINK VINTAGE PAISLEY → JUMBO STORAGE BAG SUKI,0.0218,0.438,6.3597,0.0183,1.657
JUMBO BAG PINK POLKADOT → JUMBO STORAGE BAG SUKI,0.0308,0.4365,6.337,0.0259,1.652
JUMBO STORAGE BAG SUKI → JUMBO BAG PINK POLKADOT,0.0308,0.4469,6.337,0.0259,1.68
JUMBO BAG PINK VINTAGE PAISLEY → JUMBO BAG PINK POLKADOT,0.0222,0.4466,6.3331,0.0187,1.68
LUNCH BAG SPACEBOY DESIGN → LUNCH BAG BLACK SKULL.,0.0294,0.4653,6.2883,0.0248,1.732
LUNCH BAG BLACK SKULL. → LUNCH BAG SPACEBOY DESIGN,0.0294,0.3979,6.2883,0.0248,1.556
LUNCH BAG APPLE DESIGN → LUNCH BAG SUKI DESIGN,0.0255,0.4573,6.2577,0.0214,1.708
LUNCH BAG WOODLAND → LUNCH BAG RED RETROSPOT,0.0278,0.526,6.1988,0.0233,1.931
LUNCH BAG PINK POLKADOT → LUNCH BAG SPACEBOY DESIGN,0.024,0.392,6.1963,0.0201,1.541
LUNCH BAG SPACEBOY DESIGN → LUNCH BAG PINK POLKADOT,0.024,0.3796,6.1963,0.0201,1.513
JUMBO BAG STRAWBERRY → JUMBO BAG PINK POLKADOT,0.0207,0.4297,6.0925,0.0173,1.63
LUNCH BAG APPLE DESIGN → LUNCH BAG SPACEBOY DESIGN,0.0211,0.3786,5.9832,0.0176,1.507
LUNCH BAG PINK POLKADOT → LUNCH BAG SUKI DESIGN,0.0265,0.4328,5.9225,0.022,1.634
LUNCH BAG SUKI DESIGN → LUNCH BAG PINK POLKADOT,0.0265,0.3628,5.9225,0.022,1.473
JUMBO BAG APPLES → JUMBO STORAGE BAG SUKI,0.022,0.4079,5.9223,0.0183,1.573
LUNCH BAG SUKI DESIGN → LUNCH BAG RED RETROSPOT,0.0367,0.5021,5.9175,0.0305,1.838
LUNCH BAG RED RETROSPOT → LUNCH BAG SUKI DESIGN,0.0367,0.4325,5.9175,0.0305,1.633
LUNCH BAG BLACK SKULL. → LUNCH BAG RED RETROSPOT,0.037,0.5,5.893,0.0307,1.83
LUNCH BAG RED RETROSPOT → LUNCH BAG BLACK SKULL.,0.037,0.4361,5.893,0.0307,1.642
LUNCH BAG APPLE DESIGN → LUNCH BAG BLACK SKULL.,0.0242,0.4344,5.8699,0.0201,1.637
LUNCH BAG APPLE DESIGN → LUNCH BAG CARS BLUE,0.021,0.3764,5.8033,0.0174,1.5
JUMBO BAG PINK POLKADOT → JUMBO BAG RED RETROSPOT,0.0478,0.6785,5.7975,0.0396,2.746
JUMBO BAG RED RETROSPOT → JUMBO BAG PINK POLKADOT,0.0478,0.4089,5.7975,0.0396,1.572
JUMBO BAG SCANDINAVIAN BLUE PAISLEY → JUMBO BAG RED RETROSPOT,0.0261,0.6751,5.7684,0.0216,2.717
JUMBO BAG TOYS → JUMBO BAG RED RETROSPOT,0.0206,0.668,5.7078,0.017,2.659
LUNCH BAG SPACEBOY DESIGN → LUNCH BAG RED RETROSPOT,0.0305,0.4827,5.6886,0.0252,1.769
LUNCH BAG RED RETROSPOT → LUNCH BAG SPACEBOY DESIGN,0.0305,0.3599,5.6886,0.0252,1.463
JUMBO SHOPPER VINTAGE RED PAISLEY → JUMBO BAG PINK POLKADOT,0.0277,0.4011,5.6869,0.0228,1.552
JUMBO BAG PINK POLKADOT → JUMBO SHOPPER VINTAGE RED PAISLEY,0.0277,0.3924,5.6869,0.0228,1.532
LUNCH BAG RED RETROSPOT → LUNCH BAG CARS BLUE,0.031,0.3657,5.6382,0.0255,1.474
LUNCH BAG CARS BLUE → LUNCH BAG RED RETROSPOT,0.031,0.4784,5.6382,0.0255,1.754
JUMBO BAG APPLES → JUMBO BAG PINK POLKADOT,0.0213,0.3944,5.5918,0.0175,1.535
JUMBO BAG STRAWBERRY → JUMBO BAG RED RETROSPOT,0.0315,0.654,5.5882,0.0258,2.552
LUNCH BAG APPLE DESIGN → LUNCH BAG RED RETROSPOT,0.0263,0.4716,5.5577,0.0215,1.732
JUMBO BAG WOODLAND ANIMALS → JUMBO BAG RED RETROSPOT,0.0289,0.6449,5.5105,0.0236,2.487
JUMBO BAG BAROQUE BLACK WHITE → JUMBO BAG RED RETROSPOT,0.0347,0.6305,5.3878,0.0283,2.39
JUMBO BAG SPACEBOY DESIGN → JUMBO BAG RED RETROSPOT,0.0238,0.628,5.3663,0.0193,2.374
JUMBO STORAGE BAG SUKI → JUMBO BAG RED RETROSPOT,0.0425,0.6177,5.2781,0.0345,2.31
JUMBO BAG RED RETROSPOT → JUMBO STORAGE BAG SUKI,0.0425,0.3635,5.2781,0.0345,1.463
JUMBO BAG OWLS → JUMBO BAG RED RETROSPOT,0.0226,0.6066,5.1829,0.0182,2.244
RED RETROSPOT CHARLOTTE BAG → LUNCH BAG BLACK SKULL.,0.0208,0.3787,5.1183,0.0168,1.491
JUMBO BAG PINK VINTAGE PAISLEY → JUMBO BAG RED RETROSPOT,0.0297,0.5988,5.1164,0.0239,2.201
RED HANGING HEART T-LIGHT HOLDER → WHITE HANGING HEART T-LIGHT HOLDER,0.0285,0.6676,5.111,0.0229,2.616
JUMBO STORAGE BAG SKULLS → JUMBO BAG RED RETROSPOT,0.0247,0.5947,5.0817,0.0198,2.179
GREEN REGENCY TEACUP AND SAUCER + ROSES REGENCY TEACUP AND SAUCER → REGENCY CAKESTAND 3 TIER,0.0219,0.5129,5.0534,0.0176,1.844
JUMBO SHOPPER VINTAGE RED PAISLEY → JUMBO BAG RED RETROSPOT,0.04,0.5804,4.9593,0.032,2.104
PINK REGENCY TEACUP AND SAUCER → REGENCY CAKESTAND 3 TIER,0.0212,0.4986,4.9126,0.0169,1.792
JUMBO BAG APPLES → JUMBO BAG RED RETROSPOT,0.031,0.574,4.9048,0.0247,2.073
RECYCLING BAG RETROSPOT → JUMBO BAG RED RETROSPOT,0.0245,0.567,4.8449,0.0194,2.039
RECIPE BOX PANTRY YELLOW DESIGN → SET OF 3 CAKE TINS PANTRY DESIGN,0.0226,0.362,4.816,0.0179,1.449
GREEN REGENCY TEACUP AND SAUCER → REGENCY CAKESTAND 3 TIER,0.0277,0.4871,4.7999,0.0219,1.752
RED RETROSPOT CHARLOTTE BAG → LUNCH BAG RED RETROSPOT,0.022,0.3998,4.7118,0.0173,1.525
ROSES REGENCY TEACUP AND SAUCER → REGENCY CAKESTAND 3 TIER,0.0277,0.4764,4.6941,0.0218,1.716
SPOTTY BUNTING → PARTY BUNTING,0.0276,0.4363,4.536,0.0215,1.603
JUMBO BAG VINTAGE DOILY → JUMBO BAG RED RETROSPOT,0.0201,0.5038,4.305,0.0154,1.78
JUMBO BAG VINTAGE LEAF → JUMBO BAG RED RETROSPOT,0.0246,0.4951,4.2305,0.0188,1.749
JUMBO BAG ALPHABET → JUMBO BAG RED RETROSPOT,0.0242,0.4693,4.0098,0.0182,1.664
RED RETROSPOT CHARLOTTE BAG → JUMBO BAG RED RETROSPOT,0.0235,0.4264,3.6431,0.017,1.539
LUNCH BAG RED RETROSPOT → JUMBO BAG RED RETROSPOT,0.0324,0.3815,3.2595,0.0224,1.428
HEART OF WICKER LARGE → WHITE HANGING HEART T-LIGHT HOLDER,0.0215,0.3871,2.9632,0.0143,1.418
WOODEN PICTURE FRAME WHITE FINISH → WHITE HANGING HEART T-LIGHT HOLDER,0.0246,0.3762,2.8798,0.0161,1.394
WOODEN FRAME ANTIQUE WHITE → WHITE HANGING HEART T-LIGHT HOLDER,0.0202,0.3532,2.7039,0.0128,1.344
