cac_mat_hang,k,so_gio_hang,support
WHITE HANGING HEART T-LIGHT HOLDER,1,2143,0.13062
JUMBO BAG RED RETROSPOT,1,1920,0.11703
REGENCY CAKESTAND 3 TIER,1,1665,0.10149
PARTY BUNTING,1,1578,0.09618
LUNCH BAG RED RETROSPOT,1,1392,0.08485
ASSORTED COLOUR BIRD ORNAMENT,1,1369,0.08345
SET OF 3 CAKE TINS PANTRY DESIGN,1,1233,0.07516
NATURAL SLATE HEART CHALKBOARD,1,1218,0.07424
LUNCH BAG BLACK SKULL.,1,1214,0.074
LUNCH BAG SUKI DESIGN,1,1199,0.07308
HEART OF WICKER SMALL,1,1160,0.07071
JUMBO BAG PINK POLKADOT,1,1157,0.07052
JUMBO SHOPPER VINTAGE RED PAISLEY,1,1132,0.069
JUMBO STORAGE BAG SUKI,1,1130,0.06888
PACK OF 72 RETROSPOT CAKE CASES,1,1129,0.06882
PAPER CHAIN KIT 50'S CHRISTMAS,1,1118,0.06815
WOODEN PICTURE FRAME WHITE FINISH,1,1074,0.06546
LUNCH BAG CARS BLUE,1,1064,0.06485
LUNCH BAG SPACEBOY DESIGN,1,1038,0.06327
SPOTTY BUNTING,1,1036,0.06315
RECIPE BOX PANTRY YELLOW DESIGN,1,1025,0.06248
LUNCH BAG PINK POLKADOT,1,1005,0.06126
JAM MAKING SET PRINTED,1,1001,0.06101
JAM MAKING SET WITH JARS,1,998,0.06083
SET OF 4 PANTRY JELLY MOULDS,1,998,0.06083
VICTORIAN GLASS HANGING T-LIGHT,1,993,0.06053
ROSES REGENCY TEACUP AND SAUCER,1,953,0.05809
WOODEN FRAME ANTIQUE WHITE,1,940,0.0573
GREEN REGENCY TEACUP AND SAUCER,1,932,0.05681
ALARM CLOCK BAKELIKE RED,1,929,0.05663
LUNCH BAG APPLE DESIGN,1,914,0.05571
HEART OF WICKER LARGE,1,912,0.05559
JUMBO BAG BAROQUE BLACK WHITE,1,904,0.0551
RED RETROSPOT CHARLOTTE BAG,1,903,0.05504
GARDENERS KNEELING PAD KEEP CALM,1,897,0.05468
JUMBO BAG APPLES,1,885,0.05394
VINTAGE SNAP CARDS,1,873,0.05321
ALARM CLOCK BAKELIKE GREEN,1,871,0.05309
LUNCH BAG WOODLAND,1,867,0.05285
6 RIBBONS RUSTIC CHARM,1,855,0.05212
REX CASH+CARRY JUMBO SHOPPER,1,848,0.05169
JUMBO BAG ALPHABET,1,846,0.05157
SET/20 RED RETROSPOT PAPER NAPKINS,1,838,0.05108
JUMBO BAG VINTAGE LEAF,1,816,0.04974
JUMBO BAG PINK VINTAGE PAISLEY,1,815,0.04968
CHOCOLATE HOT WATER BOTTLE,1,814,0.04962
SET/5 RED RETROSPOT LID GLASS BOWLS,1,813,0.04956
RABBIT NIGHT LIGHT,1,813,0.04956
RETROSPOT TEA SET CERAMIC 11 PC,1,811,0.04943
PLEASE ONE PERSON METAL SIGN,1,805,0.04907
CHARLOTTE BAG SUKI DESIGN,1,801,0.04882
PAPER CHAIN KIT VINTAGE CHRISTMAS,1,796,0.04852
JUMBO BAG STRAWBERRY,1,789,0.04809
BAKING SET 9 PIECE RETROSPOT,1,785,0.04785
PACK OF 60 PINK PAISLEY CAKE CASES,1,781,0.0476
SET OF 6 SPICE TINS PANTRY DESIGN,1,763,0.04651
60 TEATIME FAIRY CAKE CASES,1,753,0.0459
HOT WATER BOTTLE KEEP CALM,1,751,0.04578
GARDENERS KNEELING PAD CUP OF TEA,1,749,0.04565
HOME BUILDING BLOCK WORD,1,747,0.04553
JUMBO BAG WOODLAND ANIMALS,1,735,0.0448
POPCORN HOLDER,1,735,0.0448
SCOTTIE DOG HOT WATER BOTTLE,1,733,0.04468
GIN + TONIC DIET METAL SIGN,1,730,0.0445
SET OF 3 REGENCY CAKE TINS,1,722,0.04401
RECYCLING BAG RETROSPOT,1,709,0.04322
PAPER BUNTING RETROSPOT,1,707,0.04309
RED HANGING HEART T-LIGHT HOLDER,1,701,0.04273
SPACEBOY LUNCH BOX,1,701,0.04273
DOLLY GIRL LUNCH BOX,1,699,0.04261
PINK REGENCY TEACUP AND SAUCER,1,698,0.04255
LUNCH BAG ALPHABET DESIGN,1,687,0.04187
COOK WITH WINE METAL SIGN,1,686,0.04181
CLOTHES PEGS RETROSPOT PACK 24,1,685,0.04175
HANGING HEART JAR T-LIGHT HOLDER,1,685,0.04175
JUMBO STORAGE BAG SKULLS,1,681,0.04151
DOORMAT KEEP CALM AND COME IN,1,681,0.04151
WOODLAND CHARLOTTE BAG,1,680,0.04145
ANTIQUE SILVER T-LIGHT GLASS,1,674,0.04108
STRAWBERRY CHARLOTTE BAG,1,673,0.04102
CHARLOTTE BAG PINK POLKADOT,1,673,0.04102
JUMBO BAG 50'S CHRISTMAS,1,670,0.04084
HAND OVER THE CHOCOLATE SIGN,1,664,0.04047
ALARM CLOCK BAKELIKE PINK,1,656,0.03999
RED TOADSTOOL LED NIGHT LIGHT,1,655,0.03992
BATHROOM METAL SIGN,1,655,0.03992
JUMBO BAG VINTAGE DOILY,1,655,0.03992
WOOD BLACK BOARD ANT WHITE FINISH,1,653,0.0398
LUNCH BOX I LOVE LONDON,1,645,0.03931
STRAWBERRY CERAMIC TRINKET BOX,1,639,0.03895
HOT WATER BOTTLE I AM SO POORLY,1,635,0.03871
SET OF 3 BUTTERFLY COOKIE CUTTERS,1,634,0.03864
JUMBO BAG SCANDINAVIAN BLUE PAISLEY,1,634,0.03864
HAND WARMER OWL DESIGN,1,628,0.03828
SET OF 3 HEART COOKIE CUTTERS,1,626,0.03816
DOORMAT RED RETROSPOT,1,623,0.03797
JUMBO BAG SPACEBOY DESIGN,1,621,0.03785
LUNCH BAG VINTAGE LEAF DESIGN,1,621,0.03785
CHILLI LIGHTS,1,619,0.03773
HOT WATER BOTTLE TEA AND SYMPATHY,1,616,0.03755
SMALL WHITE HEART OF WICKER,1,613,0.03736
JUMBO BAG OWLS,1,610,0.03718
LOVE BUILDING BLOCK WORD,1,607,0.037
LUNCH BAG DOLLY GIRL DESIGN,1,601,0.03663
PACK OF 72 SKULL CAKE CASES,1,601,0.03663
IVORY KITCHEN SCALES,1,599,0.03651
HOT BATHS METAL SIGN,1,596,0.03633
GINGERBREAD MAN COOKIE CUTTER,1,593,0.03615
PINK CREAM FELT CRAFT TRINKET BOX,1,592,0.03608
COLOUR GLASS T-LIGHT HOLDER HANGING,1,591,0.03602
HOMEMADE JAM SCENTED CANDLES,1,585,0.03566
PACK OF 20 NAPKINS PANTRY DESIGN,1,583,0.03554
60 CAKE CASES VINTAGE CHRISTMAS,1,581,0.03541
PAPER CHAIN KIT RETROSPOT,1,580,0.03535
HANGING HEART ZINC T-LIGHT HOLDER,1,578,0.03523
DOORMAT UNION FLAG,1,572,0.03487
GUMBALL COAT RACK,1,571,0.0348
SET OF 20 VINTAGE CHRISTMAS NAPKINS,1,571,0.0348
TRADITIONAL KNITTING NANCY,1,570,0.03474
RETROSPOT HEART HOT WATER BOTTLE,1,568,0.03462
DOORMAT HEARTS,1,562,0.03426
DOORMAT NEW ENGLAND,1,561,0.03419
72 SWEETHEART FAIRY CAKE CASES,1,555,0.03383
RED HARMONICA IN BOX,1,552,0.03365
VINTAGE HEADS AND TAILS CARD GAME,1,551,0.03359
LARGE WHITE HEART OF WICKER,1,551,0.03359
BOX OF 24 COCKTAIL PARASOLS,1,550,0.03352
JUMBO BAG PEARS,1,547,0.03334
LUNCH BAG VINTAGE DOILY,1,545,0.03322
SET OF 60 PANTRY DESIGN CAKE CASES,1,544,0.03316
PACK OF 60 DINOSAUR CAKE CASES,1,543,0.0331
WOODEN BOX OF DOMINOES,1,543,0.0331
SMALL POPCORN HOLDER,1,538,0.03279
HAND WARMER BIRD DESIGN,1,538,0.03279
LOVEBIRD HANGING DECORATION WHITE,1,537,0.03273
HAND WARMER SCOTTY DOG DESIGN,1,535,0.03261
POTTERING IN THE SHED METAL SIGN,1,533,0.03249
WOOD 2 DRAWER CABINET WHITE FINISH,1,531,0.03237
GREY HEART HOT WATER BOTTLE,1,531,0.03237
RED RETROSPOT SHOPPER BAG,1,530,0.03231
SMALL GLASS HEART TRINKET POT,1,529,0.03224
TRAVEL CARD WALLET KEEP CALM,1,525,0.032
ALARM CLOCK BAKELIKE IVORY,1,522,0.03182
FELTCRAFT 6 FLOWER FRIENDS,1,516,0.03145
BLUE HARMONICA IN BOX,1,513,0.03127
ZINC METAL HEART DECORATION,1,511,0.03115
SMALL DOLLY MIX DESIGN ORANGE BOWL,1,510,0.03109
WOODEN HEART CHRISTMAS SCANDINAVIAN,1,509,0.03103
SUKI SHOULDER BAG,1,507,0.0309
JUMBO BAG TOYS,1,506,0.03084
CREAM HEART CARD HOLDER,1,504,0.03072
CHRISTMAS CRAFT LITTLE FRIENDS,1,504,0.03072
SET 2 TEA TOWELS I LOVE LONDON,1,497,0.03029
CHARLOTTE BAG APPLES DESIGN,1,495,0.03017
PLASTERS IN TIN SPACEBOY,1,494,0.03011
PINK BLUE FELT CRAFT TRINKET BOX,1,492,0.02999
CREAM SWEETHEART MINI CHEST,1,490,0.02987
PLASTERS IN TIN VINTAGE PAISLEY,1,489,0.02981
PLASTERS IN TIN SKULLS,1,488,0.02975
PACK OF 12 LONDON TISSUES,1,488,0.02975
ASSORTED COLOURS SILK FAN,1,487,0.02968
PLASTERS IN TIN WOODLAND ANIMALS,1,486,0.02962
EDWARDIAN PARASOL NATURAL,1,484,0.0295
SINGLE HEART ZINC T-LIGHT HOLDER,1,483,0.02944
WORLD WAR 2 GLIDERS ASSTD DESIGNS,1,483,0.02944
NO SINGING METAL SIGN,1,481,0.02932
WHITE SKULL HOT WATER BOTTLE,1,479,0.0292
SWEETHEART CERAMIC TRINKET BOX,1,479,0.0292
WOODEN STAR CHRISTMAS SCANDINAVIAN,1,478,0.02914
PHOTO FRAME CORNICE,1,477,0.02907
METAL 4 HOOK HANGER FRENCH CHATEAU,1,471,0.02871
JUMBO BAG DOILEY PATTERNS,1,471,0.02871
ENAMEL FLOWER JUG CREAM,1,470,0.02865
SET OF 12 FAIRY CAKE BAKING CASES,1,470,0.02865
CHILDRENS APRON SPACEBOY DESIGN,1,467,0.02847
DOORMAT FANCY FONT HOME SWEET HOME,1,461,0.0281
LADIES & GENTLEMEN METAL SIGN,1,460,0.02804
FELTCRAFT BUTTERFLY HEARTS,1,460,0.02804
HAND WARMER UNION JACK,1,458,0.02792
NATURAL SLATE CHALKBOARD LARGE,1,458,0.02792
SET OF 72 PINK HEART PAPER DOILIES,1,457,0.02786
RED RETROSPOT PEG BAG,1,457,0.02786
JUMBO BAG VINTAGE CHRISTMAS,1,455,0.02773
LOVE HOT WATER BOTTLE,1,454,0.02767
VINTAGE UNION JACK BUNTING,1,453,0.02761
RED RETROSPOT CAKE STAND,1,452,0.02755
PINK FAIRY CAKE CHILDRENS APRON,1,452,0.02755
TEA TIME PARTY BUNTING,1,449,0.02737
PARTY METAL SIGN,1,449,0.02737
RED RETROSPOT PICNIC BAG,1,449,0.02737
KNITTED UNION FLAG HOT WATER BOTTLE,1,448,0.02731
STRAWBERRY LUNCH BOX WITH CUTLERY,1,448,0.02731
TOY TIDY PINK POLKADOT,1,448,0.02731
FELTCRAFT CUSHION OWL,1,448,0.02731
RED KITCHEN SCALES,1,448,0.02731
SMALL HEART MEASURING SPOONS,1,448,0.02731
SET OF 20 KIDS COOKIE CUTTERS,1,447,0.02725
CHOCOLATE THIS WAY METAL SIGN,1,445,0.02712
PICNIC BASKET WICKER SMALL,1,444,0.02706
PACK OF 60 SPACEBOY CAKE CASES,1,441,0.02688
LUNCH BAG DOILEY PATTERN,1,438,0.0267
3 STRIPEY MICE FELTCRAFT,1,437,0.02664
ENAMEL BREAD BIN CREAM,1,435,0.02651
YOU'RE CONFUSING ME METAL SIGN,1,430,0.02621
SMALL MARSHMALLOWS PINK BOWL,1,430,0.02621
CHRISTMAS CRAFT TREE TOP ANGEL,1,429,0.02615
ROUND SNACK BOXES SET OF4 WOODLAND,1,428,0.02609
TOILET SIGN OCCUPIED OR VACANT,1,428,0.02609
ROTATING SILVER ANGELS T-LIGHT HLDR,1,427,0.02603
PICNIC BASKET WICKER LARGE,1,427,0.02603
DOORMAT SPOTTY HOME SWEET HOME,1,427,0.02603
PAPER CHAIN KIT EMPIRE,1,427,0.02603
ZINC FOLKART SLEIGH BELLS,1,427,0.02603
SET/3 RED GINGHAM ROSE STORAGE BOX,1,426,0.02597
SET OF 3 WOODEN HEART DECORATIONS,1,426,0.02597
JUMBO BAG DOLLY GIRL DESIGN,1,424,0.02584
AREA PATROLLED METAL SIGN,1,424,0.02584
SPACEBOY BIRTHDAY CARD,1,424,0.02584
VINTAGE PAISLEY STATIONERY SET,1,422,0.02572
CARD BILLBOARD FONT,1,421,0.02566
BEWARE OF THE CAT METAL SIGN,1,421,0.02566
MEMO BOARD RETROSPOT DESIGN,1,420,0.0256
CLEAR DRAWER KNOB ACRYLIC EDWARDIAN,1,419,0.02554
RED DINER WALL CLOCK,1,419,0.02554
SET/6 RED SPOTTY PAPER PLATES,1,418,0.02548
SCANDINAVIAN PAISLEY PICNIC BAG,1,417,0.02542
PACK OF 12 HEARTS DESIGN TISSUES,1,414,0.02523
FELTCRAFT PRINCESS CHARLOTTE DOLL,1,413,0.02517
SCANDINAVIAN REDS RIBBONS,1,411,0.02505
TRAVEL SEWING KIT,1,409,0.02493
RED WOOLLY HOTTIE WHITE HEART.,1,408,0.02487
FLORAL FOLK STATIONERY SET,1,408,0.02487
NATURAL SLATE RECTANGLE CHALKBOARD,1,406,0.02475
RECIPE BOX RETROSPOT,1,406,0.02475
CHARLOTTE BAG VINTAGE ALPHABET,1,406,0.02475
FAWN BLUE HOT WATER BOTTLE,1,405,0.02469
PANTRY MAGNETIC SHOPPING LIST,1,405,0.02469
TRAVEL CARD WALLET VINTAGE TICKET,1,404,0.02463
SKULL SHOULDER BAG,1,402,0.0245
SOLDIERS EGG CUP,1,402,0.0245
WOODEN UNION JACK BUNTING,1,400,0.02438
BAKING SET SPACEBOY DESIGN,1,400,0.02438
WICKER STAR,1,399,0.02432
RED RETROSPOT OVEN GLOVE,1,399,0.02432
ALARM CLOCK BAKELIKE ORANGE,1,397,0.0242
SET OF TEA COFFEE SUGAR TINS PANTRY,1,396,0.02414
TOILET METAL SIGN,1,395,0.02408
ROUND SNACK BOXES SET OF 4 FRUITS,1,395,0.02408
WHITE WOOD GARDEN PLANT LADDER,1,394,0.02402
PACK OF 12 TRADITIONAL CRAYONS,1,394,0.02402
4 TRADITIONAL SPINNING TOPS,1,393,0.02395
SET OF 6 SOLDIER SKITTLES,1,392,0.02389
WOOD S/3 CABINET ANT WHITE FINISH,1,391,0.02383
STRAWBERRY SHOPPER BAG,1,391,0.02383
VINTAGE CREAM DOG FOOD CONTAINER,1,391,0.02383
DOORMAT WELCOME TO OUR HOME,1,389,0.02371
PLASTERS IN TIN STRONGMAN,1,388,0.02365
WOODEN SCHOOL COLOURING SET,1,388,0.02365
HAND WARMER RED LOVE HEART,1,386,0.02353
RED STRIPE CERAMIC DRAWER KNOB,1,385,0.02347
BLUE STRIPE CERAMIC DRAWER KNOB,1,385,0.02347
GINGHAM HEART DECORATION,1,385,0.02347
VINTAGE CHRISTMAS BUNTING,1,385,0.02347
TRADITIONAL WOODEN SKIPPING ROPE,1,384,0.02341
SET OF 12 MINI LOAF BAKING CASES,1,384,0.02341
RIBBON REEL STRIPES DESIGN,1,383,0.02335
SET OF 6 RIBBONS VINTAGE CHRISTMAS,1,383,0.02335
SET 6 SCHOOL MILK BOTTLES IN CRATE,1,382,0.02328
TRADITIONAL WOODEN CATCH CUP GAME,1,381,0.02322
SET OF 3 NOTEBOOKS IN PARCEL,1,380,0.02316
IVORY DINER WALL CLOCK,1,380,0.02316
RED RETROSPOT BOWL,1,380,0.02316
FOUR HOOK WHITE LOVEBIRDS,1,380,0.02316
ALARM CLOCK BAKELIKE CHOCOLATE,1,380,0.02316
PINK VINTAGE PAISLEY PICNIC BAG,1,380,0.02316
REGENCY TEA PLATE ROSES,1,380,0.02316
CHICK GREY HOT WATER BOTTLE,1,378,0.02304
POPPY'S PLAYHOUSE KITCHEN,1,375,0.02286
"SET 3 RETROSPOT TEA,COFFEE,SUGAR",1,375,0.02286
SET OF 60 I LOVE LONDON CAKE CASES,1,374,0.0228
VINTAGE DOILY TRAVEL SEWING KIT,1,374,0.0228
CANDLEHOLDER PINK HANGING HEART,1,371,0.02261
HEART IVORY TRELLIS SMALL,1,371,0.02261
METAL SIGN TAKE IT OR LEAVE IT,1,370,0.02255
60 CAKE CASES DOLLY GIRL DESIGN,1,370,0.02255
DOORMAT ENGLISH ROSE,1,370,0.02255
FELTCRAFT PRINCESS LOLA DOLL,1,369,0.02249
"KEY FOB , SHED",1,369,0.02249
SET OF 72 RETROSPOT PAPER DOILIES,1,368,0.02243
FELTCRAFT CUSHION RABBIT,1,368,0.02243
AIRLINE BAG VINTAGE TOKYO 78,1,367,0.02237
PLASTERS IN TIN CIRCUS PARADE,1,367,0.02237
LUNCH BOX WITH CUTLERY RETROSPOT,1,366,0.02231
POPPY'S PLAYHOUSE BEDROOM,1,364,0.02219
VINTAGE SNAKES & LADDERS,1,364,0.02219
ENAMEL MEASURING JUG CREAM,1,362,0.02207
TRADITIONAL MODELLING CLAY,1,362,0.02207
BOX OF 6 MINI 50'S CRACKERS,1,361,0.022
CERAMIC STRAWBERRY CAKE MONEY BANK,1,359,0.02188
HAND WARMER RED RETROSPOT,1,358,0.02182
CHRISTMAS CRAFT WHITE FAIRY,1,358,0.02182
3 HOOK PHOTO SHELF ANTIQUE WHITE,1,358,0.02182
SET/2 RED RETROSPOT TEA TOWELS,1,357,0.02176
PINK HAPPY BIRTHDAY BUNTING,1,355,0.02164
SWEETHEART CAKESTAND 3 TIER,1,354,0.02158
WASHROOM METAL SIGN,1,354,0.02158
REGENCY TEAPOT ROSES,1,354,0.02158
WHITE SPOT RED CERAMIC DRAWER KNOB,1,353,0.02152
"RECORD FRAME 7"" SINGLE SIZE",1,353,0.02152
SKULL LUNCH BOX WITH CUTLERY,1,353,0.02152
ENGLISH ROSE HOT WATER BOTTLE,1,352,0.02146
PACK OF 6 BIRDY GIFT TAGS,1,351,0.02139
I'M ON HOLIDAY METAL SIGN,1,350,0.02133
PAINTED METAL PEARS ASSORTED,1,350,0.02133
MODERN FLORAL STATIONERY SET,1,349,0.02127
SET 12 RETRO WHITE CHALK STICKS,1,348,0.02121
JINGLE BELL HEART DECORATION,1,348,0.02121
BOX OF 6 MINI VINTAGE CRACKERS,1,347,0.02115
HAND WARMER BABUSHKA DESIGN,1,346,0.02109
LAUNDRY 15C METAL SIGN,1,346,0.02109
TRADITIONAL CHRISTMAS RIBBONS,1,345,0.02103
FAMILY ALBUM WHITE PICTURE FRAME,1,344,0.02097
BLUE SPOT CERAMIC DRAWER KNOB,1,344,0.02097
CHARLOTTE BAG DOLLY GIRL DESIGN,1,344,0.02097
BLACK RECORD COVER FRAME,1,343,0.02091
CHILDRENS CUTLERY POLKADOT PINK,1,342,0.02085
LARGE HEART MEASURING SPOONS,1,341,0.02079
BINGO SET,1,341,0.02079
SET 7 BABUSHKA NESTING BOXES,1,340,0.02072
WOODEN ROUNDERS GARDEN SET,1,340,0.02072
PACK OF 12 SUKI TISSUES,1,340,0.02072
HANGING METAL HEART LANTERN,1,339,0.02066
CERAMIC HEART FAIRY CAKE MONEY BANK,1,339,0.02066
RED SPOTTY BISCUIT TIN,1,339,0.02066
SWEETHEART RECIPE BOOK STAND,1,338,0.0206
OPEN CLOSED METAL SIGN,1,337,0.02054
12 PENCILS SMALL TUBE SKULL,1,336,0.02048
ANTIQUE SILVER TEA GLASS ENGRAVED,1,335,0.02042
12 PENCILS SMALL TUBE RED RETROSPOT,1,335,0.02042
BLUE HAPPY BIRTHDAY BUNTING,1,335,0.02042
PANTRY WASHING UP BRUSH,1,335,0.02042
REGENCY TEA PLATE GREEN,1,335,0.02042
DOORMAT FAIRY CAKE,1,334,0.02036
HEART DECORATION RUSTIC HANGING,1,333,0.0203
RECIPE BOX BLUE SKETCHBOOK DESIGN,1,332,0.02024
ROLL WRAP 50'S CHRISTMAS,1,332,0.02024
BALLOONS WRITING SET,1,331,0.02018
RED SPOT CERAMIC DRAWER KNOB,1,331,0.02018
SET 12 KIDS COLOUR CHALK STICKS,1,331,0.02018
POTTERING MUG,1,330,0.02011
SET OF 60 VINTAGE LEAF CAKE CASES,1,330,0.02011
FELTCRAFT CUSHION BUTTERFLY,1,329,0.02005
WHITE SPOT BLUE CERAMIC DRAWER KNOB,1,329,0.02005
JUMBO BAG PINK POLKADOT + JUMBO BAG RED RETROSPOT,2,785,0.04785
GREEN REGENCY TEACUP AND SAUCER + ROSES REGENCY TEACUP AND SAUCER,2,700,0.04267
JUMBO BAG RED RETROSPOT + JUMBO STORAGE BAG SUKI,2,698,0.04255
JUMBO BAG RED RETROSPOT + JUMBO SHOPPER VINTAGE RED PAISLEY,2,657,0.04005
LUNCH BAG BLACK SKULL. + LUNCH BAG RED RETROSPOT,2,607,0.037
LUNCH BAG RED RETROSPOT + LUNCH BAG SUKI DESIGN,2,602,0.03669
GREEN REGENCY TEACUP AND SAUCER + PINK REGENCY TEACUP AND SAUCER,2,576,0.03511
JUMBO BAG BAROQUE BLACK WHITE + JUMBO BAG RED RETROSPOT,2,570,0.03474
LUNCH BAG BLACK SKULL. + LUNCH BAG SUKI DESIGN,2,565,0.03444
ALARM CLOCK BAKELIKE GREEN + ALARM CLOCK BAKELIKE RED,2,563,0.03432
LUNCH BAG PINK POLKADOT + LUNCH BAG RED RETROSPOT,2,554,0.03377
PINK REGENCY TEACUP AND SAUCER + ROSES REGENCY TEACUP AND SAUCER,2,545,0.03322
GARDENERS KNEELING PAD CUP OF TEA + GARDENERS KNEELING PAD KEEP CALM,2,541,0.03298
PAPER CHAIN KIT 50'S CHRISTMAS + PAPER CHAIN KIT VINTAGE CHRISTMAS,2,538,0.03279
JUMBO BAG RED RETROSPOT + LUNCH BAG RED RETROSPOT,2,531,0.03237
WOODEN FRAME ANTIQUE WHITE + WOODEN PICTURE FRAME WHITE FINISH,2,528,0.03218
LUNCH BAG BLACK SKULL. + LUNCH BAG PINK POLKADOT,2,522,0.03182
JUMBO BAG RED RETROSPOT + JUMBO BAG STRAWBERRY,2,516,0.03145
JUMBO SHOPPER VINTAGE RED PAISLEY + JUMBO STORAGE BAG SUKI,2,513,0.03127
LUNCH BAG CARS BLUE + LUNCH BAG RED RETROSPOT,2,509,0.03103
JUMBO BAG APPLES + JUMBO BAG RED RETROSPOT,2,508,0.03096
JUMBO BAG PINK POLKADOT + JUMBO STORAGE BAG SUKI,2,505,0.03078
LUNCH BAG BLACK SKULL. + LUNCH BAG CARS BLUE,2,503,0.03066
LUNCH BAG CARS BLUE + LUNCH BAG SUKI DESIGN,2,502,0.0306
LUNCH BAG RED RETROSPOT + LUNCH BAG SPACEBOY DESIGN,2,501,0.03054
LUNCH BAG SPACEBOY DESIGN + LUNCH BAG SUKI DESIGN,2,493,0.03005
JUMBO BAG PINK VINTAGE PAISLEY + JUMBO BAG RED RETROSPOT,2,488,0.02975
HEART OF WICKER LARGE + HEART OF WICKER SMALL,2,483,0.02944
LUNCH BAG BLACK SKULL. + LUNCH BAG SPACEBOY DESIGN,2,483,0.02944
CHARLOTTE BAG PINK POLKADOT + RED RETROSPOT CHARLOTTE BAG,2,479,0.0292
CHARLOTTE BAG SUKI DESIGN + RED RETROSPOT CHARLOTTE BAG,2,475,0.02895
JUMBO BAG RED RETROSPOT + JUMBO BAG WOODLAND ANIMALS,2,474,0.02889
LUNCH BAG CARS BLUE + LUNCH BAG PINK POLKADOT,2,470,0.02865
RED HANGING HEART T-LIGHT HOLDER + WHITE HANGING HEART T-LIGHT HOLDER,2,468,0.02853
RED RETROSPOT CHARLOTTE BAG + STRAWBERRY CHARLOTTE BAG,2,458,0.02792
LUNCH BAG RED RETROSPOT + LUNCH BAG WOODLAND,2,456,0.02779
REGENCY CAKESTAND 3 TIER + ROSES REGENCY TEACUP AND SAUCER,2,454,0.02767
GREEN REGENCY TEACUP AND SAUCER + REGENCY CAKESTAND 3 TIER,2,454,0.02767
JUMBO BAG PINK POLKADOT + JUMBO SHOPPER VINTAGE RED PAISLEY,2,454,0.02767
LUNCH BAG CARS BLUE + LUNCH BAG SPACEBOY DESIGN,2,454,0.02767
PARTY BUNTING + SPOTTY BUNTING,2,452,0.02755
JUMBO BAG RED RETROSPOT + WHITE HANGING HEART T-LIGHT HOLDER,2,436,0.02658
LUNCH BAG PINK POLKADOT + LUNCH BAG SUKI DESIGN,2,435,0.02651
LUNCH BAG APPLE DESIGN + LUNCH BAG RED RETROSPOT,2,431,0.02627
RED RETROSPOT CHARLOTTE BAG + WOODLAND CHARLOTTE BAG,2,430,0.02621
JUMBO BAG RED RETROSPOT + JUMBO BAG SCANDINAVIAN BLUE PAISLEY,2,428,0.02609
DOLLY GIRL LUNCH BOX + SPACEBOY LUNCH BOX,2,426,0.02597
JUMBO BAG WOODLAND ANIMALS + JUMBO STORAGE BAG SUKI,2,425,0.02591
LUNCH BAG BLACK SKULL. + LUNCH BAG WOODLAND,2,421,0.02566
JAM MAKING SET PRINTED + JAM MAKING SET WITH JARS,2,420,0.0256
JUMBO BAG BAROQUE BLACK WHITE + JUMBO STORAGE BAG SUKI,2,419,0.02554
LUNCH BAG SPACEBOY DESIGN + LUNCH BAG WOODLAND,2,419,0.02554
LUNCH BAG APPLE DESIGN + LUNCH BAG SUKI DESIGN,2,418,0.02548
JUMBO BAG BAROQUE BLACK WHITE + JUMBO SHOPPER VINTAGE RED PAISLEY,2,414,0.02523
CHARLOTTE BAG SUKI DESIGN + WOODLAND CHARLOTTE BAG,2,413,0.02517
NATURAL SLATE HEART CHALKBOARD + WHITE HANGING HEART T-LIGHT HOLDER,2,410,0.02499
60 TEATIME FAIRY CAKE CASES + PACK OF 72 RETROSPOT CAKE CASES,2,409,0.02493
LUNCH BAG SUKI DESIGN + LUNCH BAG WOODLAND,2,408,0.02487
JUMBO BAG BAROQUE BLACK WHITE + JUMBO BAG PINK POLKADOT,2,407,0.02481
LUNCH BAG CARS BLUE + LUNCH BAG WOODLAND,2,405,0.02469
JUMBO BAG RED RETROSPOT + JUMBO STORAGE BAG SKULLS,2,405,0.02469
WHITE HANGING HEART T-LIGHT HOLDER + WOODEN PICTURE FRAME WHITE FINISH,2,404,0.02463
JUMBO BAG RED RETROSPOT + JUMBO BAG VINTAGE LEAF,2,404,0.02463
JUMBO BAG RED RETROSPOT + RECYCLING BAG RETROSPOT,2,402,0.0245
JUMBO BAG PINK VINTAGE PAISLEY + JUMBO SHOPPER VINTAGE RED PAISLEY,2,401,0.02444
JUMBO BAG ALPHABET + JUMBO BAG RED RETROSPOT,2,397,0.0242
LUNCH BAG APPLE DESIGN + LUNCH BAG BLACK SKULL.,2,397,0.0242
JUMBO BAG PINK POLKADOT + JUMBO BAG WOODLAND ANIMALS,2,397,0.0242
LUNCH BAG PINK POLKADOT + LUNCH BAG SPACEBOY DESIGN,2,394,0.02402
CHARLOTTE BAG SUKI DESIGN + STRAWBERRY CHARLOTTE BAG,2,393,0.02395
ALARM CLOCK BAKELIKE PINK + ALARM CLOCK BAKELIKE RED,2,393,0.02395
JUMBO BAG RED RETROSPOT + JUMBO BAG SPACEBOY DESIGN,2,390,0.02377
JUMBO BAG RED RETROSPOT + RED RETROSPOT CHARLOTTE BAG,2,385,0.02347
CHARLOTTE BAG PINK POLKADOT + CHARLOTTE BAG SUKI DESIGN,2,384,0.02341
JUMBO BAG RED RETROSPOT + LUNCH BAG SUKI DESIGN,2,383,0.02335
SET OF 3 CAKE TINS PANTRY DESIGN + SET OF 6 SPICE TINS PANTRY DESIGN,2,383,0.02335
CHOCOLATE HOT WATER BOTTLE + HOT WATER BOTTLE I AM SO POORLY,2,379,0.0231
PACK OF 60 PINK PAISLEY CAKE CASES + PACK OF 72 RETROSPOT CAKE CASES,2,379,0.0231
PARTY BUNTING + WHITE HANGING HEART T-LIGHT HOLDER,2,378,0.02304
HEART OF WICKER SMALL + WHITE HANGING HEART T-LIGHT HOLDER,2,375,0.02286
JUMBO BAG WOODLAND ANIMALS + JUMBO SHOPPER VINTAGE RED PAISLEY,2,374,0.0228
STRAWBERRY CHARLOTTE BAG + WOODLAND CHARLOTTE BAG,2,374,0.0228
JUMBO BAG APPLES + JUMBO BAG PEARS,2,372,0.02267
RECIPE BOX PANTRY YELLOW DESIGN + SET OF 3 CAKE TINS PANTRY DESIGN,2,371,0.02261
JUMBO BAG OWLS + JUMBO BAG RED RETROSPOT,2,370,0.02255
WOODEN HEART CHRISTMAS SCANDINAVIAN + WOODEN STAR CHRISTMAS SCANDINAVIAN,2,368,0.02243
JUMBO BAG ALPHABET + JUMBO BAG APPLES,2,367,0.02237
JUMBO STORAGE BAG SKULLS + JUMBO STORAGE BAG SUKI,2,365,0.02225
JUMBO BAG RED RETROSPOT + LUNCH BAG BLACK SKULL.,2,365,0.02225
PARTY BUNTING + REGENCY CAKESTAND 3 TIER,2,364,0.02219
LUNCH BAG PINK POLKADOT + LUNCH BAG WOODLAND,2,364,0.02219
JUMBO BAG PINK POLKADOT + JUMBO BAG PINK VINTAGE PAISLEY,2,364,0.02219
CHARLOTTE BAG PINK POLKADOT + STRAWBERRY CHARLOTTE BAG,2,362,0.02207
LUNCH BAG RED RETROSPOT + RED RETROSPOT CHARLOTTE BAG,2,361,0.022
JUMBO BAG APPLES + JUMBO STORAGE BAG SUKI,2,361,0.022
CHARLOTTE BAG PINK POLKADOT + WOODLAND CHARLOTTE BAG,2,357,0.02176
JUMBO BAG PINK VINTAGE PAISLEY + JUMBO STORAGE BAG SUKI,2,357,0.02176
JUMBO STORAGE BAG SUKI + LUNCH BAG SUKI DESIGN,2,355,0.02164
HEART OF WICKER LARGE + WHITE HANGING HEART T-LIGHT HOLDER,2,353,0.02152
ALARM CLOCK BAKELIKE GREEN + ALARM CLOCK BAKELIKE PINK,2,350,0.02133
JUMBO BAG APPLES + JUMBO BAG PINK POLKADOT,2,349,0.02127
PINK REGENCY TEACUP AND SAUCER + REGENCY CAKESTAND 3 TIER,2,348,0.02121
LUNCH BAG APPLE DESIGN + LUNCH BAG SPACEBOY DESIGN,2,346,0.02109
LUNCH BAG DOLLY GIRL DESIGN + LUNCH BAG SPACEBOY DESIGN,2,345,0.02103
LUNCH BAG APPLE DESIGN + LUNCH BAG CARS BLUE,2,344,0.02097
LUNCH BAG BLACK SKULL. + RED RETROSPOT CHARLOTTE BAG,2,342,0.02085
ALARM CLOCK BAKELIKE IVORY + ALARM CLOCK BAKELIKE RED,2,342,0.02085
JAM MAKING SET WITH JARS + SET OF 3 CAKE TINS PANTRY DESIGN,2,341,0.02079
LUNCH BAG ALPHABET DESIGN + LUNCH BAG APPLE DESIGN,2,339,0.02066
JUMBO BAG RED RETROSPOT + LUNCH BAG PINK POLKADOT,2,339,0.02066
JUMBO BAG PINK POLKADOT + JUMBO BAG STRAWBERRY,2,339,0.02066
JUMBO BAG APPLES + JUMBO BAG VINTAGE LEAF,2,339,0.02066
JUMBO BAG SCANDINAVIAN BLUE PAISLEY + JUMBO SHOPPER VINTAGE RED PAISLEY,2,338,0.0206
JUMBO BAG RED RETROSPOT + JUMBO BAG TOYS,2,338,0.0206
REGENCY CAKESTAND 3 TIER + WHITE HANGING HEART T-LIGHT HOLDER,2,336,0.02048
LUNCH BAG APPLE DESIGN + LUNCH BAG VINTAGE LEAF DESIGN,2,336,0.02048
SMALL DOLLY MIX DESIGN ORANGE BOWL + SMALL MARSHMALLOWS PINK BOWL,2,335,0.02042
VINTAGE HEADS AND TAILS CARD GAME + VINTAGE SNAP CARDS,2,333,0.0203
PACK OF 72 RETROSPOT CAKE CASES + PACK OF 72 SKULL CAKE CASES,2,333,0.0203
WHITE HANGING HEART T-LIGHT HOLDER + WOODEN FRAME ANTIQUE WHITE,2,332,0.02024
HAND WARMER OWL DESIGN + HAND WARMER SCOTTY DOG DESIGN,2,331,0.02018
JUMBO BAG SPACEBOY DESIGN + JUMBO STORAGE BAG SUKI,2,331,0.02018
JUMBO BAG RED RETROSPOT + JUMBO BAG VINTAGE DOILY,2,330,0.02011
GREEN REGENCY TEACUP AND SAUCER + PINK REGENCY TEACUP AND SAUCER + ROSES REGENCY TEACUP AND SAUCER,3,492,0.02999
JUMBO BAG PINK POLKADOT + JUMBO BAG RED RETROSPOT + JUMBO STORAGE BAG SUKI,3,405,0.02469
JUMBO BAG RED RETROSPOT + JUMBO SHOPPER VINTAGE RED PAISLEY + JUMBO STORAGE BAG SUKI,3,384,0.02341
JUMBO BAG PINK POLKADOT + JUMBO BAG RED RETROSPOT + JUMBO SHOPPER VINTAGE RED PAISLEY,3,366,0.02231
GREEN REGENCY TEACUP AND SAUCER + REGENCY CAKESTAND 3 TIER + ROSES REGENCY TEACUP AND SAUCER,3,359,0.02188
LUNCH BAG BLACK SKULL. + LUNCH BAG PINK POLKADOT + LUNCH BAG RED RETROSPOT,3,346,0.02109
LUNCH BAG BLACK SKULL. + LUNCH BAG RED RETROSPOT + LUNCH BAG SUKI DESIGN,3,345,0.02103
